Merchant Name,Category,Subcategory
Mcdonald's,Food & Dining,QSR
Domino's Pizza,Food & Dining,QSR
Kfc,Food & Dining,QSR
Pizza Hut,Food & Dining,QSR
Burger King,Food & Dining,QSR
Subway,Food & Dining,QSR
Taco Bell,Food & Dining,QSR
Starbucks,Food & Dining,Cafe/Dessert
Café Coffee Day,Food & Dining,Cafe/Dessert
Barista,Food & Dining,Cafe/Dessert
Haldiram's,Food & Dining,QSR
Barbeque Nation,Food & Dining,Casual Dining
Saravana Bhavan,Food & Dining,Casual Dining
Moti Mahal,Food & Dining,Casual Dining
Sagar Ratna,Food & Dining,Casual Dining
Adyar Ananda Bhavan,Food & Dining,Casual Dining
Wow! Momo,Food & Dining,QSR
Dosa Plaza,Food & Dining,Casual Dining
Goli Vada Pav,Food & Dining,QSR
Jumbo King,Food & Dining,QSR
Karim's Restaurant,Food & Dining,Casual Dining
Al Jawahar Delhi,Food & Dining,Casual Dining
Changez Khan Restaurant,Food & Dining,Casual Dining
Paranthe Wali Gali,Food & Dining,Street Food
Gulati Restaurant,Food & Dining,Casual Dining
Kake Da Hotel,Food & Dining,Casual Dining
Embassy Restaurant,Food & Dining,Casual Dining
Kwality Restaurant,Food & Dining,Casual Dining
Natraj Restaurant,Food & Dining,Casual Dining
Rajdhani Thali,Food & Dining,Casual Dining
Leopold Cafe Mumbai,Food & Dining,Casual Dining
Café Mondegar,Food & Dining,Cafe/Dessert
Bademiya,Food & Dining,Casual Dining
Trishna Mumbai,Food & Dining,Casual Dining
Mahesh Lunch Home,Food & Dining,Casual Dining
Brittania & Co Restaurant,Food & Dining,Casual Dining
Theobroma Bakery,Food & Dining,Cafe/Dessert
Candies Bandra,Food & Dining,Cafe/Dessert
Prithvi Cafe,Food & Dining,Cafe/Dessert
Cafe Mocha Mumbai,Food & Dining,Cafe/Dessert
Mavalli Tiffin Room,Food & Dining,Casual Dining
Ctr Malleshwaram,Food & Dining,Casual Dining
Vidyarthi Bhavan,Food & Dining,Casual Dining
Koshy's Restaurant,Food & Dining,Casual Dining
Toit Brewery,Food & Dining,Casual Dining
Brahmin's Coffee Bar,Food & Dining,Casual Dining
Indian Coffee House,Food & Dining,Casual Dining
Murugan Idli Shop,Food & Dining,Casual Dining
Buhari Hotel Chennai,Food & Dining,Casual Dining
Junior Kuppanna,Food & Dining,Casual Dining
Ponnusamy Hotel,Food & Dining,Casual Dining
Sangeetha Veg Restaurant,Food & Dining,Casual Dining
A2b Adyar Ananda Bhavan,Food & Dining,Casual Dining
Ratna Cafe,Food & Dining,Casual Dining
Dakshin Restaurant,Food & Dining,Casual Dining
Southern Spice,Food & Dining,Casual Dining
6 Ballygunge Place,Food & Dining,Casual Dining
Mocambo Kolkata,Food & Dining,Casual Dining
Peter Cat,Food & Dining,Casual Dining
Arsalan Biryani,Food & Dining,Casual Dining
Aminia Restaurant,Food & Dining,Casual Dining
Kewpies Restaurant,Food & Dining,Casual Dining
Flurys Tea Room,Food & Dining,Cafe/Dessert
Nahoum & Sons,Food & Dining,Cafe/Dessert
Bhojohori Manna,Food & Dining,Casual Dining
Kasturi Restaurant,Food & Dining,Casual Dining
Zomato,Food & Dining,Delivery Platform
Swiggy,Food & Dining,Delivery Platform
Uber Eats,Food & Dining,Delivery Platform
Foodpanda,Food & Dining,Delivery Platform
Box8,Food & Dining,Delivery Platform
Dunzo,Groceries & Kirana,Quick Commerce
Faasos,Food & Dining,Delivery Platform
Behrouz Biryani,Food & Dining,Delivery Platform
Oven Story Pizza,Food & Dining,Delivery Platform
The Good Bowl,Food & Dining,Delivery Platform
Lunch Box Meals,Food & Dining,Delivery Platform
Mandarin Oak,Food & Dining,Delivery Platform
Firangi Bake,Food & Dining,Delivery Platform
The Biryani Life,Food & Dining,Delivery Platform
Homely Food,Food & Dining,Delivery Platform
Eatfit,Food & Dining,Delivery Platform
Biryani By Kilo,Food & Dining,Delivery Platform
Freshly,Food & Dining,Delivery Platform
Bikanervala,Groceries & Kirana,Sweets & Mithai
K.c. Das,Groceries & Kirana,Sweets & Mithai
Ghantewala Sweets,Groceries & Kirana,Sweets & Mithai
Nathu Sweets,Groceries & Kirana,Sweets & Mithai
Bengali Sweet House,Groceries & Kirana,Sweets & Mithai
Rajasthani Mishtan Bhandar,Groceries & Kirana,Sweets & Mithai
Gujarati Farsan Mart,Groceries & Kirana,Sweets & Mithai
Maharashtrian Sweets,Groceries & Kirana,Sweets & Mithai
Punjabi Sweets Corner,Groceries & Kirana,Sweets & Mithai
South Indian Sweets,Groceries & Kirana,Sweets & Mithai
Chitale Bandhu,Groceries & Kirana,Sweets & Mithai
Ghasitaram Halwai,Groceries & Kirana,Sweets & Mithai
Sangam Sweets,Groceries & Kirana,Sweets & Mithai
Roshan Di Kulfi,Groceries & Kirana,Sweets & Mithai
Kuremal Mohan Lal Kulfi Wale,Food & Dining,Cafe/Dessert
Old Famous Jalebi Wala,Food & Dining,Street Food
Monginis,Groceries & Kirana,Dairy/Bakery
Karachi Bakery,Groceries & Kirana,Dairy/Bakery
Iyengar Bakery,Groceries & Kirana,Dairy/Bakery
Sunrise Bakery,Groceries & Kirana,Dairy/Bakery
Modern Bread,Groceries & Kirana,Dairy/Bakery
United Bakery,Groceries & Kirana,Dairy/Bakery
New Poona Bakery,Groceries & Kirana,Dairy/Bakery
German Bakery,Groceries & Kirana,Dairy/Bakery
French Loaf,Groceries & Kirana,Dairy/Bakery
Mad Over Donuts,Food & Dining,Cafe/Dessert
Cake Shop,Groceries & Kirana,Dairy/Bakery
Pastry Corner,Groceries & Kirana,Dairy/Bakery
Bread World,Groceries & Kirana,Dairy/Bakery
Chai Point,Food & Dining,Cafe/Dessert
The Coffee Bean & Tea Leaf,Food & Dining,Cafe/Dessert
Blue Tokai,Food & Dining,Cafe/Dessert
Third Wave Coffee,Food & Dining,Cafe/Dessert
Keventers,Food & Dining,Cafe/Dessert
The Chocolate Room,Food & Dining,Cafe/Dessert
Coffee Day Square,Food & Dining,Cafe/Dessert
Tea Post,Food & Dining,Cafe/Dessert
Chaayos,Food & Dining,Cafe/Dessert
Flying Machine Cafe,Food & Dining,Cafe/Dessert
Cafe Zoe,Food & Dining,Cafe/Dessert
Vadilal,Groceries & Kirana,Dairy/Bakery
Natural Ice Cream,Food & Dining,Cafe/Dessert
Baskin Robbins,Food & Dining,Cafe/Dessert
Amul Ice Cream,Food & Dining,Cafe/Dessert
Havmor,Food & Dining,Cafe/Dessert
Cream Stone,Food & Dining,Cafe/Dessert
Naturals,Food & Dining,Cafe/Dessert
Corner House,Food & Dining,Cafe/Dessert
Polar Bear,Food & Dining,Cafe/Dessert
Giani,Food & Dining,Cafe/Dessert
Pani Puri Wala,Food & Dining,Street Food
Chaat Corner,Food & Dining,Street Food
Bhel Puri Stall,Food & Dining,Street Food
Dosa Wala,Food & Dining,Street Food
Vada Pav Center,Food & Dining,Street Food
Momos Stall,Food & Dining,Street Food
Kulfi Wala,Food & Dining,Street Food
Chaat House,Food & Dining,Street Food
Dosa Corner,Food & Dining,Street Food
Momos Point,Food & Dining,Street Food
Juice Corner,Food & Dining,Street Food
Lassi Shop,Food & Dining,Street Food
Tea Stall,Food & Dining,Street Food
Coffee Stall,Food & Dining,Street Food
Juice Bar,Food & Dining,Street Food
Smoothie Bar,Food & Dining,Street Food
Milkshake Corner,Food & Dining,Street Food
Fresh Juice Center,Food & Dining,Street Food
Mainland China,Food & Dining,Casual Dining
Oh! Calcutta,Food & Dining,Casual Dining
Punjabi By Nature,Food & Dining,Casual Dining
Copper Chimney,Food & Dining,Casual Dining
Social,Food & Dining,Casual Dining
Hard Rock Cafe,Food & Dining,Cafe/Dessert
Tgi Friday's,Food & Dining,Casual Dining
Chili's,Food & Dining,Casual Dining
Cafe Delhi Heights,Food & Dining,Cafe/Dessert
Burger Singh,Food & Dining,QSR
Yo! China,Food & Dining,Casual Dining
Rollsking,Food & Dining,QSR
Nirula's,Food & Dining,QSR
Dilli Haat Food Court,Food & Dining,Street Food
Local Food Court,Food & Dining,Street Food
Mall Food Court,Food & Dining,Street Food
Street Food Market,Food & Dining,Street Food
Wedding Catering,Food & Dining,Catering Services
Event Catering,Food & Dining,Catering Services
Corporate Catering,Food & Dining,Catering Services
Party Catering,Food & Dining,Catering Services
Home Catering,Food & Dining,Catering Services
Amazon India,Shopping,E-Commerce
Flipkart,Shopping,E-Commerce
Meesho,Shopping,E-Commerce
Myntra,Shopping,E-Commerce
Ajio,Shopping,E-Commerce
Tata Cliq,Shopping,E-Commerce
Snapdeal,Shopping,E-Commerce
Shopclues,Shopping,E-Commerce
Paytm Mall,Shopping,E-Commerce
Jiomart,Shopping,E-Commerce
Bigbasket,Groceries & Kirana,Quick Commerce
Grofers,Groceries & Kirana,Quick Commerce
Zepto,Groceries & Kirana,Quick Commerce
Milkbasket,Groceries & Kirana,Quick Commerce
Supr Daily,Groceries & Kirana,Quick Commerce
Daily Ninja,Groceries & Kirana,Quick Commerce
Nykaa,Shopping,E-Commerce
Purplle,Shopping,E-Commerce
Koovs,Shopping,E-Commerce
Voonik,Shopping,E-Commerce
Limeroad,Shopping,E-Commerce
Craftsvilla,Shopping,E-Commerce
Jabong,Shopping,E-Commerce
Firstcry,Shopping,E-Commerce
Hopscotch,Shopping,E-Commerce
Reliance Fresh,Groceries & Kirana,Supermarket
Dmart,Groceries & Kirana,Supermarket
Spencer's Retail,Groceries & Kirana,Supermarket
More Supermarket,Groceries & Kirana,Supermarket
Hypercity,Groceries & Kirana,Supermarket
Star Bazaar,Groceries & Kirana,Supermarket
Big Bazaar,Groceries & Kirana,Supermarket
Food Bazaar,Groceries & Kirana,Supermarket
Nature's Basket,Groceries & Kirana,Supermarket
Le Marche,Groceries & Kirana,Supermarket
Easyday Club,Groceries & Kirana,Supermarket
Mother Dairy,Groceries & Kirana,Dairy/Bakery
Kendriya Bhandar,Groceries & Kirana,Supermarket
Apna Bazaar,Groceries & Kirana,Supermarket
Fresh@,Groceries & Kirana,Supermarket
24seven,Groceries & Kirana,Supermarket
Needs Supermarket,Groceries & Kirana,Supermarket
Heritage Fresh,Groceries & Kirana,Supermarket
Nilgiris,Groceries & Kirana,Supermarket
Namdhari Fresh,Groceries & Kirana,Supermarket
Ratnadeep,Groceries & Kirana,Supermarket
Trinethra,Groceries & Kirana,Supermarket
Margin Free,Groceries & Kirana,Supermarket
Spar Hypermarket,Groceries & Kirana,Supermarket
Total Mall,Shopping,Market/Mall
Green Fresh,Shopping,Market/Mall
Spinach Food Market,Shopping,Market/Mall
Smart Bazaar,Groceries & Kirana,Supermarket
Fresh Choice,Groceries & Kirana,Supermarket
Big Mart,Groceries & Kirana,Supermarket
V-mart Mini,Groceries & Kirana,Supermarket
Reliance Smart,Groceries & Kirana,Supermarket
Shoppers Stop,Shopping,Fashion & Lifestyle
Lifestyle,Shopping,Fashion & Lifestyle
Pantaloons,Shopping,Fashion & Lifestyle
Central,Shopping,Fashion & Lifestyle
Westside,Shopping,Fashion & Lifestyle
Max Fashion,Shopping,Fashion & Lifestyle
Brand Factory,Shopping,Fashion & Lifestyle
V-mart,Shopping,Fashion & Lifestyle
Reliance Trends,Shopping,Fashion & Lifestyle
Fabindia,Shopping,Fashion & Lifestyle
And,Shopping,Fashion & Lifestyle
W,Shopping,Fashion & Lifestyle
Global Desi,Shopping,Fashion & Lifestyle
Aurelia,Shopping,Fashion & Lifestyle
Biba,Shopping,Fashion & Lifestyle
Croma,Shopping,Electronics
Reliance Digital,Shopping,Electronics
Vijay Sales,Shopping,Electronics
Pai International,Shopping,Electronics
Ezone,Shopping,Electronics
Poorvika Mobiles,Shopping,Electronics
Univercell,Shopping,Electronics
The Mobile Store,Shopping,Electronics
Big C Mobiles,Shopping,Electronics
Technomarket,Shopping,Electronics
Mobile World,Shopping,Electronics
Electronics Bazaar,Shopping,Electronics
Gadget World,Shopping,Electronics
Tech Store,Shopping,Electronics
Apollo Pharmacy,Healthcare & Pharmacy,Pharmacy
Medplus,Healthcare & Pharmacy,Pharmacy
Guardian Pharmacy,Healthcare & Pharmacy,Pharmacy
Wellness Forever,Healthcare & Pharmacy,Pharmacy
1mg,Healthcare & Pharmacy,Pharmacy
Pharmeasy,Healthcare & Pharmacy,Pharmacy
Netmeds,Healthcare & Pharmacy,Pharmacy
Medlife,Healthcare & Pharmacy,Pharmacy
Local Pharmacy,Healthcare & Pharmacy,Pharmacy
Medical Store,Healthcare & Pharmacy,Pharmacy
Chemist Shop,Healthcare & Pharmacy,Pharmacy
Drug Store,Healthcare & Pharmacy,Pharmacy
Health Store,Healthcare & Pharmacy,Pharmacy
Kalyan Jewellers,Shopping,Jewellery
Tanishq,Shopping,Jewellery
Pc Jeweller,Shopping,Jewellery
Malabar Gold,Shopping,Jewellery
Senco Gold,Shopping,Jewellery
Joyalukkas,Shopping,Jewellery
Grt Jewellers,Shopping,Jewellery
Bhima Jewellers,Shopping,Jewellery
Jos Alukkas,Shopping,Jewellery
Reliance Jewels,Shopping,Jewellery
Caratlane,Shopping,Jewellery
Bluestone,Shopping,Jewellery
Candere,Shopping,Jewellery
Melorra,Shopping,Jewellery
Local Jeweller,Shopping,Jewellery
Lenskart,Shopping,Market/Mall
Titan Eye Plus,Shopping,Market/Mall
Specsmakers,Shopping,Market/Mall
Gkb Opticals,Shopping,Market/Mall
Lawrence & Mayo,Shopping,Market/Mall
Optical Express,Shopping,Market/Mall
Vision Express,Shopping,Market/Mall
Rayban Store,Fashion & Lifestyle,Eyewear
Oakley Store,Fashion & Lifestyle,Eyewear
Fastrack Eyewear,Shopping,Fashion & Lifestyle
Local Optician,Shopping,Fashion & Lifestyle
Eye Care Center,Shopping,Fashion & Lifestyle
Crossword,Shopping,Books/Stationery
Landmark,Shopping,Books/Stationery
Oxford Bookstore,Shopping,Books/Stationery
Starmark,Shopping,Books/Stationery
Higginbothams,Shopping,Books/Stationery
Odyssey,Shopping,Books/Stationery
Full Circle,Shopping,Books/Stationery
Title Waves,Shopping,Books/Stationery
Book World,Shopping,Books/Stationery
Comic Book Store,Shopping,Books/Stationery
Stationery Shop,Shopping,Books/Stationery
Office Supplies,Shopping,Books/Stationery
Ikea,Shopping,Home & Furniture
Urban Ladder,Shopping,Home & Furniture
Pepperfry,Shopping,Home & Furniture
Godrej Interio,Shopping,Home & Furniture
Nilkamal,Shopping,Home & Furniture
Hometown,Shopping,Home & Furniture
@home,Shopping,Home & Furniture
Home Centre,Shopping,Home & Furniture
Durian,Shopping,Home & Furniture
Evok,Shopping,Home & Furniture
Wooden Street,Shopping,Home & Furniture
Wakefit,Shopping,Home & Furniture
The Furniture Store,Shopping,Home & Furniture
Home Decor Shop,Shopping,Home & Furniture
Decathlon,Shopping,Sports/Toys
Nike Store,Shopping,Sports/Toys
Adidas Store,Shopping,Sports/Toys
Puma Store,Shopping,Sports/Toys
Reebok Store,Shopping,Sports/Toys
Sports Station,Shopping,Sports/Toys
Go Sports,Shopping,Sports/Toys
Sportsking,Shopping,Sports/Toys
Planet Sports,Shopping,Sports/Toys
Sports Shop,Shopping,Sports/Toys
Local Market,Shopping,Market/Mall
Wholesale Market,Shopping,Market/Mall
Vegetable Market,Shopping,Market/Mall
Fruit Market,Shopping,Market/Mall
Cloth Market,Shopping,Market/Mall
Electronics Market,Shopping,Market/Mall
Sarojini Nagar Market,Shopping,Market/Mall
Karol Bagh Market,Shopping,Market/Mall
Linking Road Market,Shopping,Market/Mall
Commercial Street,Shopping,Market/Mall
Brigade Road,Shopping,Market/Mall
Pondy Bazaar,Shopping,Market/Mall
Gariahat Market,Shopping,Market/Mall
New Market Kolkata,Shopping,Market/Mall
Phoenix Mall,Shopping,Market/Mall
Select City Walk,Shopping,Market/Mall
Dlf Mall,Shopping,Market/Mall
Forum Mall,Shopping,Market/Mall
Express Avenue,Shopping,Market/Mall
South City Mall,Shopping,Market/Mall
Palladium Mall,Shopping,Market/Mall
High Street Phoenix,Shopping,Market/Mall
Ambience Mall,Shopping,Market/Mall
City Centre,Shopping,Market/Mall
Hamleys,Shopping,Sports/Toys
Toys R Us,Shopping,Sports/Toys
Funskool Store,Shopping,Sports/Toys
Local Toy Shop,Shopping,Sports/Toys
Gift Shop,Shopping,Market/Mall
Pet Shop,Shopping,Market/Mall
Animal Care Store,Shopping,Market/Mall
Pet Zone,Shopping,Market/Mall
Pet World,Shopping,Market/Mall
Sephora,Shopping,Beauty/Cosmetics
Health & Glow,Shopping,Beauty/Cosmetics
Shoppers Stop Beauty,Shopping,Beauty/Cosmetics
Lifestyle Beauty,Shopping,Beauty/Cosmetics
The Body Shop,Shopping,Beauty/Cosmetics
Lakme Salon Products,Shopping,Beauty/Cosmetics
Colorbar,Shopping,Beauty/Cosmetics
Sugar Cosmetics Store,Shopping,Beauty/Cosmetics
Myglamm Store,Shopping,Beauty/Cosmetics
Mamaearth Store,Shopping,Beauty/Cosmetics
Beauty Store,Shopping,Beauty/Cosmetics
Cosmetics Shop,Shopping,Beauty/Cosmetics
Wine Shop,Shopping,Market/Mall
Liquor Store,Shopping,Market/Mall
Flower Shop,Shopping,Market/Mall
Plant Nursery,Shopping,Market/Mall
Art Supplies Store,Shopping,Market/Mall
Musical Instruments,Shopping,Market/Mall
Camera Store,Shopping,Market/Mall
Hardware Store,Shopping,Market/Mall
Paint Store,Shopping,Market/Mall
Electrical Store,Shopping,Market/Mall
Uber,Transport,Ride Hailing
Ola,Transport,Ride Hailing
Ola Auto,Transport,Ride Hailing
Rapido,Transport,Ride Hailing
Blusmart,Transport,Ride Hailing
Meru Cabs,Transport,Ride Hailing
Mega Cabs,Transport,Ride Hailing
Tab Cabs,Transport,Ride Hailing
Savaari,Transport,Ride Hailing
City Taxi,Transport,Ride Hailing
Cool Cab,Transport,Ride Hailing
Easy Cabs,Transport,Ride Hailing
Quick Ride,Transport,Ride Hailing
Fast Track Cabs,Transport,Ride Hailing
Metro Cabs,Transport,Ride Hailing
Royal Cabs,Transport,Ride Hailing
Prime Taxi,Transport,Ride Hailing
Local Taxi,Transport,Ride Hailing
Drivezy,Transport,Self-Drive Rental
Zoomcar,Transport,Self-Drive Rental
Revv,Transport,Self-Drive Rental
Hertz India,Transport,Self-Drive Rental
Avis India,Transport,Self-Drive Rental
Budget Rent A Car,Transport,Self-Drive Rental
Carzonrent,Transport,Self-Drive Rental
Eco Rent A Car,Transport,Self-Drive Rental
Local Car Rental,Transport,Self-Drive Rental
Self Drive Cars,Transport,Self-Drive Rental
Jugnoo,Transport,Ride Hailing
Auto Raja,Transport,Ride Hailing
Auto Rickshaw Service,Transport,Ride Hailing
Three Wheeler Service,Transport,Ride Hailing
Tempo Service,Transport,Ride Hailing
E-rickshaw Service,Transport,Ride Hailing
Shared Auto,Transport,Ride Hailing
Auto Stand,Transport,Ride Hailing
City Auto,Transport,Ride Hailing
Local Auto,Transport,Ride Hailing
Express Auto,Transport,Ride Hailing
Vogo,Transport,Self-Drive Rental
Bounce,Transport,Self-Drive Rental
Yulu,Transport,Self-Drive Rental
Local Bike Rental,Transport,Self-Drive Rental
Scooter Rental,Transport,Self-Drive Rental
Bicycle Rental,Transport,Self-Drive Rental
Delhi Metro,Transport,Public Transport
Mumbai Metro,Transport,Public Transport
Bangalore Metro,Transport,Public Transport
Hyderabad Metro,Transport,Rail
Chennai Metro,Transport,Public Transport
Kolkata Metro,Transport,Public Transport
Kochi Metro,Transport,Public Transport
Jaipur Metro,Transport,Public Transport
Gurgaon Rapid Metro,Transport,Public Transport
Mumbai Local,Transport,Public Transport
Chennai Suburban,Transport,Public Transport
Kolkata Suburban,Transport,Public Transport
Pune Local,Transport,Public Transport
City Bus Service,Transport,Public Transport
Local Bus,Transport,Public Transport
Express Bus,Transport,Public Transport
Indigo,Transport,Airlines
Air India,Transport,Airlines
Spicejet,Transport,Airlines
Vistara,Transport,Airlines
Goair,Transport,Airlines
Airasia India,Transport,Airlines
Air India Express,Transport,Airlines
Go First Airlines,Transport,Airlines
Alliance Air,Transport,Airlines
Trujet Airlines,Transport,Airlines
Star Air,Transport,Airlines
Regional Airlines,Transport,Airlines
Charter Airlines,Transport,Airlines
Cargo Airlines,Transport,Airlines
Helicopter Services,Transport,Airlines
Private Jets,Transport,Airlines
IRCTC,Transport,Rail
Indian Railways,Transport,Rail
Shatabdi Express,Transport,Rail
Duronto Express,Transport,Rail
Garib Rath,Transport,Rail
Jan Shatabdi,Transport,Rail
Superfast Express,Transport,Rail
Mail Express,Transport,Rail
Local Train,Transport,Rail
Passenger Train,Transport,Rail
Suburban Train,Transport,Rail
Redbus,Transport,Bus Operators
Ksrtc,Transport,Bus Operators
Msrtc,Transport,Bus Operators
Tsrtc,Transport,Bus Operators
Apsrtc,Transport,Bus Operators
Gsrtc,Transport,Bus Operators
Upsrtc,Transport,Bus Operators
Rsrtc,Transport,Bus Operators
Hrtc,Transport,Bus Operators
Punjab Roadways,Transport,Bus Operators
Haryana Roadways,Transport,Bus Operators
Delhi Transport,Transport,Public Transport
Best Mumbai,Transport,Public Transport
Mtc Chennai,Transport,Public Transport
Bmtc Bangalore,Transport,Public Transport
Wbtc Kolkata,Transport,Public Transport
Parveen Travels,Transport,Bus Operators
Srs Travels,Transport,Bus Operators
Orange Travels,Transport,Bus Operators
Neeta Travels,Transport,Bus Operators
Shama Travels,Transport,Bus Operators
Vrl Travels,Transport,Bus Operators
Kallada Travels,Transport,Bus Operators
Paulo Travels,Transport,Bus Operators
National Travels,Transport,Bus Operators
Green Line Travels,Transport,Bus Operators
Jabbar Travels,Transport,Bus Operators
Kpn Travels,Transport,Bus Operators
Raj Travels,Transport,Bus Operators
Sharma Travels,Transport,Bus Operators
Intercity Bus,Transport,Bus Operators
Luxury Bus,Transport,Bus Operators
Volvo Service,Transport,Bus Operators
Sleeper Bus,Transport,Bus Operators
Ac Bus,Transport,Bus Operators
Non-ac Bus,Transport,Bus Operators
Indian Oil,Transport,Fuel
Bharat Petroleum,Transport,Fuel
Hindustan Petroleum,Transport,Fuel
Shell,Transport,Fuel
Nayara Energy,Transport,Fuel
Essar Oil,Transport,Fuel
Total Oil,Transport,Fuel
Ibp Petrol Pump,Transport,Fuel
Local Petrol Pump,Transport,Fuel
Highway Petrol Pump,Transport,Fuel
Cng Station,Transport,Fuel
Lpg Station,Transport,Fuel
Diesel Pump,Transport,Fuel
Petrol Station,Transport,Fuel
Porter,Transport,Logistics/Courier
Pickrr,Transport,Logistics/Courier
Shadowfax,Transport,Logistics/Courier
Ecom Express,Transport,Logistics/Courier
Blue Dart Express,Transport,Logistics/Courier
Dtdc Courier,Transport,Logistics/Courier
Delhivery,Transport,Logistics/Courier
Fedex India,Transport,Logistics/Courier
Dhl India,Transport,Logistics/Courier
Professional Couriers,Transport,Logistics/Courier
First Flight Couriers,Transport,Logistics/Courier
Gati Express,Transport,Logistics/Courier
Safexpress,Transport,Logistics/Courier
Tci Express,Transport,Logistics/Courier
Aramex,Transport,Logistics/Courier
Tnt Express,Transport,Logistics/Courier
Ups India,Transport,Logistics/Courier
India Post,Transport,Logistics/Courier
Speed Post,Transport,Logistics/Courier
Registered Post,Transport,Logistics/Courier
Local Courier,Transport,Logistics/Courier
Express Delivery,Transport,Logistics/Courier
Same Day Delivery,Transport,Logistics/Courier
Next Day Delivery,Transport,Logistics/Courier
Cargo Service,Transport,Logistics/Courier
Freight Service,Transport,Logistics/Courier
Packers And Movers,Transport,Logistics/Courier
Household Shifting,Transport,Logistics/Courier
Goods Transport,Transport,Logistics/Courier
Parkplus,Transport,Parking/FASTag
Park24x7,Transport,Parking/FASTag
Justpark,Transport,Parking/FASTag
Quick Park,Transport,Parking/FASTag
Mall Parking,Transport,Parking/FASTag
Airport Parking,Transport,Parking/FASTag
Street Parking,Transport,Parking/FASTag
Metro Parking,Transport,Parking/FASTag
Hospital Parking,Transport,Parking/FASTag
Office Parking,Transport,Parking/FASTag
Paid Parking,Transport,Parking/FASTag
Valet Parking,Transport,Parking/FASTag
Fastag Recharge,Transport,Parking/FASTag
Paytm Fastag,Transport,Parking/FASTag
SBI Fastag,Transport,Parking/FASTag
HDFC Fastag,Transport,Parking/FASTag
ICICI Fastag,Transport,Parking/FASTag
Axis Fastag,Transport,Parking/FASTag
Toll Plaza,Transport,Parking/FASTag
Highway Toll,Transport,Parking/FASTag
Electronic Toll,Transport,Parking/FASTag
Gomechanic,Transport,Auto Services
Droom Services,Transport,Auto Services
Cars24 Services,Transport,Auto Services
Spinny Services,Transport,Auto Services
Auto Repair Shop,Transport,Auto Services
Car Service Center,Transport,Auto Services
Bike Service Center,Transport,Auto Services
Tyre Shop,Transport,Auto Services
Battery Shop,Transport,Auto Services
Car Wash,Transport,Auto Services
Oil Change,Transport,Auto Services
Auto Parts,Transport,Auto Services
Spare Parts,Transport,Auto Services
Vehicle Insurance,Transport,Auto Services
Ferry Service,Transport,Public Transport
Boat Service,Transport,Public Transport
Water Taxi,Transport,Public Transport
Cruise Service,Transport,Public Transport
River Transport,Transport,Public Transport
Ambulance Service,Transport,Emergency Services
School Bus,Transport,Public Transport
Office Shuttle,Transport,Public Transport
Tourist Bus,Transport,Public Transport
Pilgrimage Bus,Transport,Public Transport
Wedding Car Rental,Transport,Self-Drive Rental
State Bank Of India,Finance & Insurance,Banks
Punjab National Bank,Finance & Insurance,Banks
Bank Of Baroda,Finance & Insurance,Banks
Canara Bank,Finance & Insurance,Banks
Union Bank Of India,Finance & Insurance,Banks
Indian Bank,Finance & Insurance,Banks
Central Bank Of India,Finance & Insurance,Banks
Indian Overseas Bank,Finance & Insurance,Banks
Uco Bank,Finance & Insurance,Banks
Bank Of Maharashtra,Finance & Insurance,Banks
Punjab & Sind Bank,Finance & Insurance,Banks
Bank Of India,Finance & Insurance,Banks
HDFC Bank,Finance & Insurance,Banks
ICICI Bank,Finance & Insurance,Banks
Axis Bank,Finance & Insurance,Banks
Kotak Mahindra Bank,Finance & Insurance,Banks
Indusind Bank,Finance & Insurance,Banks
YES Bank,Finance & Insurance,Banks
IDFC First Bank,Finance & Insurance,Banks
Federal Bank,Finance & Insurance,Banks
South Indian Bank,Finance & Insurance,Banks
Karur Vysya Bank,Finance & Insurance,Banks
City Union Bank,Finance & Insurance,Banks
Tamilnad Mercantile Bank,Finance & Insurance,Banks
Rbl Bank,Finance & Insurance,Banks
Bandhan Bank,Finance & Insurance,Banks
Citibank,Finance & Insurance,Banks
Standard Chartered,Finance & Insurance,Banks
HSBC,Finance & Insurance,Banks
Deutsche Bank,Finance & Insurance,Banks
American Express Bank,Finance & Insurance,Banks
Barclays Bank,Finance & Insurance,Banks
Anz Bank,Finance & Insurance,Banks
Dbs Bank,Finance & Insurance,Banks
Ubs Bank,Finance & Insurance,Banks
Bnp Paribas,Finance & Insurance,Banks
Andhra Pradesh Gramin Bank,Finance & Insurance,Banks
Uttar Pradesh Gramin Bank,Finance & Insurance,Banks
Bihar Gramin Bank,Finance & Insurance,Banks
Odisha Gramin Bank,Finance & Insurance,Banks
Kerala Gramin Bank,Finance & Insurance,Banks
Assam Gramin Bank,Finance & Insurance,Banks
Maharashtra Gramin Bank,Finance & Insurance,Banks
Rajasthan Gramin Bank,Finance & Insurance,Banks
Karnataka Gramin Bank,Finance & Insurance,Banks
Tamil Nadu Gramin Bank,Finance & Insurance,Banks
Saraswat Bank,Finance & Insurance,Banks
Cosmos Bank,Finance & Insurance,Banks
Apmc Bank,Finance & Insurance,Banks
Janata Sahakari Bank,Finance & Insurance,Banks
Abhyudaya Bank,Finance & Insurance,Banks
Thane Bharat Sahakari Bank,Finance & Insurance,Banks
Paytm,Finance & Insurance,Wallets/UPI
Phonepe,Finance & Insurance,Wallets/UPI
Google Pay,Finance & Insurance,Wallets/UPI
Amazon Pay,Finance & Insurance,Wallets/UPI
Payu,Finance & Insurance,Wallets/UPI
Razorpay,Finance & Insurance,Wallets/UPI
Mobikwik,Finance & Insurance,Wallets/UPI
Freecharge,Finance & Insurance,Wallets/UPI
Jiomoney,Finance & Insurance,Wallets/UPI
Airtel Money,Finance & Insurance,Wallets/UPI
Ola Money,Finance & Insurance,Wallets/UPI
Payzapp,Finance & Insurance,Wallets/UPI
SBI Pay,Finance & Insurance,Wallets/UPI
Bhim UPI,Finance & Insurance,Wallets/UPI
Yono SBI,Finance & Insurance,Wallets/UPI
Paynearby,Finance & Insurance,Wallets/UPI
Payworld,Finance & Insurance,Wallets/UPI
Kiwimoney,Finance & Insurance,Wallets/UPI
True Balance,Finance & Insurance,Wallets/UPI
Spice Money,Finance & Insurance,Wallets/UPI
SBI Credit Card,Finance & Insurance,Lending
HDFC Credit Card,Finance & Insurance,Lending
ICICI Credit Card,Finance & Insurance,Lending
Axis Credit Card,Finance & Insurance,Lending
Citibank Credit Card,Finance & Insurance,Lending
American Express,Finance & Insurance,Lending
Standard Chartered Card,Finance & Insurance,Lending
Indusind Credit Card,Finance & Insurance,Lending
Kotak Credit Card,Finance & Insurance,Lending
YES Bank Credit Card,Finance & Insurance,Lending
Rbl Credit Card,Finance & Insurance,Lending
HSBC Credit Card,Finance & Insurance,Lending
Dbs Credit Card,Finance & Insurance,Lending
Cred,Finance & Insurance,Lending
Slice,Finance & Insurance,Lending
Uni Cards,Finance & Insurance,Lending
Bajaj Finance,Finance & Insurance,Lending
Mahindra Finance,Finance & Insurance,Lending
Tata Capital,Finance & Insurance,Lending
L&t Finance,Finance & Insurance,Lending
Muthoot Finance,Finance & Insurance,Lending
Manappuram Finance,Finance & Insurance,Lending
Shriram Finance,Finance & Insurance,Lending
Aditya Birla Finance,Finance & Insurance,Lending
Cholamandalam Finance,Finance & Insurance,Lending
Hdb Financial,Finance & Insurance,Lending
IDFC Finance,Finance & Insurance,Lending
Reliance Capital,Finance & Insurance,Lending
PNB Housing Finance,Finance & Insurance,Lending
LIC Housing Finance,Finance & Insurance,Lending
Dhfl,Finance & Insurance,Lending
Indiabulls Housing,Finance & Insurance,Lending
HDFC Ltd,Finance & Insurance,Lending
Capital First,Finance & Insurance,Lending
Fullerton India,Finance & Insurance,Lending
Tata Motors Finance,Finance & Insurance,Lending
Moneytap,Finance & Insurance,Lending
Cashe,Finance & Insurance,Lending
Earlysalary,Finance & Insurance,Lending
Kreditbee,Finance & Insurance,Lending
Navi,Finance & Insurance,Lending
Lazypay,Finance & Insurance,Lending
Simpl,Finance & Insurance,Lending
Zestmoney,Finance & Insurance,Lending
Payme India,Finance & Insurance,Lending
Kredx,Finance & Insurance,Lending
Lendingkart,Finance & Insurance,Lending
Capital Float,Finance & Insurance,Lending
Flexiloans,Finance & Insurance,Lending
Neogrowth,Finance & Insurance,Lending
Loan Frame,Finance & Insurance,Lending
Quick Loan,Finance & Insurance,Lending
Instant Loan,Finance & Insurance,Lending
Personal Loan,Finance & Insurance,Lending
Business Loan,Finance & Insurance,Lending
Home Loan,Finance & Insurance,Lending
Zerodha,Finance & Insurance,Brokerage/Investing
Groww,Finance & Insurance,Brokerage/Investing
Upstox,Finance & Insurance,Brokerage/Investing
Angel One,Finance & Insurance,Brokerage/Investing
5paisa,Finance & Insurance,Brokerage/Investing
ICICI Direct,Finance & Insurance,Brokerage/Investing
HDFC Securities,Finance & Insurance,Brokerage/Investing
Sharekhan,Finance & Insurance,Brokerage/Investing
Motilal Oswal,Finance & Insurance,Brokerage/Investing
Edelweiss,Finance & Insurance,Brokerage/Investing
Kotak Securities,Finance & Insurance,Brokerage/Investing
Axis Direct,Finance & Insurance,Brokerage/Investing
SBI Securities,Finance & Insurance,Brokerage/Investing
India Infoline,Finance & Insurance,Brokerage/Investing
Religare Securities,Finance & Insurance,Brokerage/Investing
Geojit,Finance & Insurance,Brokerage/Investing
Karvy Stock Broking,Finance & Insurance,Brokerage/Investing
Smc Global,Finance & Insurance,Brokerage/Investing
Anand Rathi,Finance & Insurance,Brokerage/Investing
Ventura Securities,Finance & Insurance,Brokerage/Investing
Groww Mutual Fund,Finance & Insurance,Brokerage/Investing
Kuvera,Finance & Insurance,Brokerage/Investing
Etmoney,Finance & Insurance,Brokerage/Investing
Paytm Money,Finance & Insurance,Brokerage/Investing
Coin By Zerodha,Finance & Insurance,Brokerage/Investing
Piggy,Finance & Insurance,Brokerage/Investing
Indmoney,Finance & Insurance,Brokerage/Investing
Fundsindia,Finance & Insurance,Brokerage/Investing
Myuniverse,Finance & Insurance,Brokerage/Investing
Scripbox,Finance & Insurance,Brokerage/Investing
LIC,Finance & Insurance,Insurance
HDFC Life,Finance & Insurance,Insurance
ICICI Prudential,Finance & Insurance,Insurance
SBI Life,Finance & Insurance,Insurance
Max Life,Finance & Insurance,Insurance
Bajaj Allianz Life,Finance & Insurance,Insurance
Aditya Birla Sun Life,Finance & Insurance,Insurance
Tata Aia Life,Finance & Insurance,Insurance
Canara HSBC Obc Life,Finance & Insurance,Insurance
Kotak Life,Finance & Insurance,Insurance
Reliance Nippon Life,Finance & Insurance,Insurance
Exide Life,Finance & Insurance,Insurance
PNB Metlife,Finance & Insurance,Insurance
Edelweiss Tokio Life,Finance & Insurance,Insurance
HDFC Ergo,Finance & Insurance,Insurance
ICICI Lombard,Finance & Insurance,Insurance
Bajaj Allianz General,Finance & Insurance,Insurance
Tata Aig,Finance & Insurance,Insurance
Reliance General,Finance & Insurance,Insurance
New India Assurance,Finance & Insurance,Insurance
Oriental Insurance,Finance & Insurance,Insurance
United India Insurance,Finance & Insurance,Insurance
National Insurance,Finance & Insurance,Insurance
SBI General,Finance & Insurance,Insurance
Cholamandalam Ms,Finance & Insurance,Insurance
Future Generali,Finance & Insurance,Insurance
Bharti Axa,Finance & Insurance,Insurance
Royal Sundaram,Finance & Insurance,Insurance
Shriram General,Finance & Insurance,Insurance
Star Health,Finance & Insurance,Insurance
Care Health,Finance & Insurance,Insurance
Niva Bupa,Finance & Insurance,Insurance
Manipal Cigna,Finance & Insurance,Insurance
Max Bupa,Finance & Insurance,Insurance
Religare Health,Finance & Insurance,Insurance
Apollo Munich,Finance & Insurance,Insurance
Paytm Gold,Finance & Insurance,Wallets/UPI
Phonepe Gold,Finance & Insurance,Wallets/UPI
Google Pay Gold,Finance & Insurance,Wallets/UPI
Mmtc-pamp,Shopping,Market/Mall
Safegold,Shopping,Market/Mall
Gold Monetization,Shopping,Jewellery
Digital Gold,Shopping,Jewellery
Coindcx,Shopping,Market/Mall
Wazirx,Shopping,Market/Mall
Coinswitch,Shopping,Market/Mall
Zebpay,Shopping,Market/Mall
Unocoin,Shopping,Market/Mall
Bitbns,Shopping,Market/Mall
Billdesk Payment,Shopping,Market/Mall
Ccavenue Payment,Shopping,Market/Mall
Instamojo Payment,Shopping,Market/Mall
Cashfree Payment,Shopping,Market/Mall
Paytabs,Shopping,Market/Mall
Atom Technologies,Shopping,Market/Mall
Ebs Payment,Shopping,Market/Mall
Paynimo,Shopping,Market/Mall
White Label Atm,Shopping,Market/Mall
Brown Label Atm,Shopping,Market/Mall
Policy Bazaar,Groceries & Kirana,Kirana/General
Bankbazaar,Shopping,Market/Mall
Paisabazaar,Shopping,Market/Mall
Myloancare,Shopping,Market/Mall
Financial Planner,Shopping,Market/Mall
Investment Advisor,Shopping,Market/Mall
Tax Consultant,Shopping,Market/Mall
Wealth Manager,Shopping,Market/Mall
Bescom,Bills & Utilities,Electricity
Msedcl,Bills & Utilities,Electricity
Tneb,Bills & Utilities,Electricity
Wbsedcl,Bills & Utilities,Electricity
Apspdcl,Bills & Utilities,Electricity
Ksebl,Bills & Utilities,Electricity
Uppcl,Bills & Utilities,Electricity
Pspcl,Bills & Utilities,Electricity
Jbvnl,Bills & Utilities,Electricity
Dhbvn,Bills & Utilities,Electricity
Uhbvn,Bills & Utilities,Electricity
Bses Delhi,Bills & Utilities,Electricity
Tata Power Delhi,Bills & Utilities,Electricity
Adani Electricity Mumbai,Bills & Utilities,Electricity
Reliance Energy,Bills & Utilities,Electricity
Gsecl Gujarat,Bills & Utilities,Electricity
Rseb Rajasthan,Bills & Utilities,Electricity
Mpeb Madhya Pradesh,Bills & Utilities,Electricity
Jseb Jharkhand,Bills & Utilities,Electricity
Cesc Limited,Bills & Utilities,Electricity
Torrent Power,Bills & Utilities,Electricity
Apdcl Assam,Bills & Utilities,Electricity
Meecl Meghalaya,Bills & Utilities,Electricity
Tsecl Tripura,Bills & Utilities,Electricity
Mspdcl Manipur,Bills & Utilities,Electricity
Dop Nagaland,Bills & Utilities,Electricity
Dop Mizoram,Bills & Utilities,Electricity
Electricity Board Goa,Bills & Utilities,Electricity
Jvvnl Rajasthan,Bills & Utilities,Electricity
Guvnl Gujarat,Bills & Utilities,Electricity
Mppkvvcl Mp,Bills & Utilities,Electricity
Sbpdcl Bihar,Bills & Utilities,Electricity
Cesu Odisha,Bills & Utilities,Electricity
Southco Odisha,Bills & Utilities,Electricity
Nesco Odisha,Bills & Utilities,Electricity
Reliance Power,Bills & Utilities,Electricity
Jsw Energy,Bills & Utilities,Electricity
Ntpc Limited,Bills & Utilities,Electricity
Nhpc Limited,Bills & Utilities,Electricity
Powergrid Corp,Bills & Utilities,Electricity
Indraprastha Gas,Bills & Utilities,Gas
Mahanagar Gas,Bills & Utilities,Gas
Gujarat Gas,Bills & Utilities,Gas
Bharat Gas,Bills & Utilities,Gas
Hp Gas,Bills & Utilities,Gas
Indane Gas,Bills & Utilities,Gas
Bharti Gas,Bills & Utilities,Gas
Reliance Gas,Bills & Utilities,Gas
Gail India,Bills & Utilities,Gas
Petronet Lng,Bills & Utilities,Gas
City Gas Distribution,Bills & Utilities,Gas
Png Connection,Bills & Utilities,Gas
Gas Refill,Bills & Utilities,Gas
Cooking Gas,Bills & Utilities,Gas
Airtel Broadband,Bills & Utilities,Broadband
Jio Fiber,Bills & Utilities,Broadband
BSNL Broadband,Bills & Utilities,Broadband
Hathway Broadband,Bills & Utilities,Broadband
Act Fibernet,Bills & Utilities,Broadband
Spectranet,Bills & Utilities,Broadband
You Broadband,Bills & Utilities,Broadband
Alliance Broadband,Bills & Utilities,Broadband
Tikona,Bills & Utilities,Broadband
Tata Play Broadband,Bills & Utilities,Broadband
Mtnl Broadband,Bills & Utilities,Broadband
Railwire Broadband,Bills & Utilities,Broadband
D-vois Broadband,Bills & Utilities,Broadband
Siti Broadband,Bills & Utilities,Broadband
Local Isp,Bills & Utilities,Broadband
Cable Internet,Bills & Utilities,Broadband
Fiber Internet,Bills & Utilities,Broadband
Wi-fi Connection,Bills & Utilities,Broadband
Vi Postpaid,Bills & Utilities,Telecom/DTH
Aircel,Bills & Utilities,Telecom/DTH
Telenor,Bills & Utilities,Telecom/DTH
Tata Docomo,Bills & Utilities,Telecom/DTH
Reliance Jio,Bills & Utilities,Telecom/DTH
Bharti Airtel,Bills & Utilities,Telecom/DTH
Vodafone Idea,Bills & Utilities,Telecom/DTH
Mobile Bill,Bills & Utilities,Telecom/DTH
Phone Bill,Bills & Utilities,Telecom/DTH
Postpaid Bill,Bills & Utilities,Telecom/DTH
Airtel Digital Tv,Bills & Utilities,Telecom/DTH
Dish Tv,Bills & Utilities,Telecom/DTH
Sun Direct,Bills & Utilities,Telecom/DTH
Videocon D2h,Bills & Utilities,Telecom/DTH
Den Networks,Bills & Utilities,Telecom/DTH
Gtpl,Bills & Utilities,Telecom/DTH
Fastway,Bills & Utilities,Telecom/DTH
Indigital,Bills & Utilities,Telecom/DTH
Asianet Digital Tv,Bills & Utilities,Telecom/DTH
Local Cable,Bills & Utilities,Telecom/DTH
Digital Cable,Bills & Utilities,Telecom/DTH
Cable Connection,Bills & Utilities,Telecom/DTH
Set Top Box,Bills & Utilities,Telecom/DTH
Dth Service,Bills & Utilities,Telecom/DTH
Satellite Tv,Bills & Utilities,Telecom/DTH
Mtnl Mumbai Landline,Bills & Utilities,Telecom/DTH
Tata Teleservices,Bills & Utilities,Telecom/DTH
Landline Connection,Bills & Utilities,Telecom/DTH
Fixed Line,Bills & Utilities,Telecom/DTH
Telephone Bill,Bills & Utilities,Telecom/DTH
Delhi Jal Board,Government & NGOs,Central/State Services
Mumbai Water,Bills & Utilities,Water/Municipal
Bangalore Water,Bills & Utilities,Water/Municipal
Chennai Water,Bills & Utilities,Water/Municipal
Hyderabad Water,Bills & Utilities,Water/Municipal
Kolkata Water,Bills & Utilities,Water/Municipal
Pune Water,Bills & Utilities,Water/Municipal
Ahmedabad Water,Bills & Utilities,Water/Municipal
Jaipur Water,Bills & Utilities,Water/Municipal
Lucknow Water,Bills & Utilities,Water/Municipal
Kanpur Water,Bills & Utilities,Water/Municipal
Nagpur Water,Bills & Utilities,Water/Municipal
Indore Water,Bills & Utilities,Water/Municipal
Ranchi Water,Bills & Utilities,Water/Municipal
Guwahati Water,Bills & Utilities,Water/Municipal
Thiruvananthapuram Water,Bills & Utilities,Water/Municipal
Coimbatore Water,Bills & Utilities,Water/Municipal
Madurai Water,Bills & Utilities,Water/Municipal
Vijayawada Water,Bills & Utilities,Water/Municipal
Visakhapatnam Water,Bills & Utilities,Water/Municipal
Water Supply Board,Bills & Utilities,Water/Municipal
Municipal Water,Bills & Utilities,Water/Municipal
Water Corporation,Bills & Utilities,Water/Municipal
Water Authority,Bills & Utilities,Water/Municipal
Water Department,Bills & Utilities,Water/Municipal
Water Bill,Bills & Utilities,Water/Municipal
Water Charges,Bills & Utilities,Water/Municipal
Property Tax,Bills & Utilities,Municipal Services
Municipal Corporation,Government & NGOs,Central/State Services
House Tax,Bills & Utilities,Municipal Services
Corporation Tax,Bills & Utilities,Municipal Services
Municipal Tax,Bills & Utilities,Water/Municipal
City Tax,Shopping,Market/Mall
Local Tax,Shopping,Market/Mall
Building Tax,Shopping,Market/Mall
Land Tax,Shopping,Market/Mall
Registration Fee,Shopping,Market/Mall
Permit Fee,Shopping,Market/Mall
License Fee,Shopping,Market/Mall
Garbage Collection,Shopping,Market/Mall
Waste Management,Shopping,Market/Mall
Sewage Charges,Shopping,Market/Mall
Drainage Charges,Shopping,Market/Mall
Road Tax,Shopping,Market/Mall
Development Charges,Shopping,Market/Mall
Maintenance Charges,Shopping,Market/Mall
School Fees,Education & Coaching,Institutes/Schools
College Fees,Education & Coaching,Institutes/Schools
University Fees,Education & Coaching,Institutes/Schools
Tuition Fees,Education & Coaching,Tuition/Skills
Coaching Fees,Education & Coaching,Tuition/Skills
Exam Fees,Education & Coaching,Tuition/Skills
Library Fees,Education & Coaching,Tuition/Skills
Hostel Fees,Education & Coaching,Tuition/Skills
Transport Fees,Education & Coaching,Tuition/Skills
Activity Fees,Education & Coaching,Tuition/Skills
Lab Fees,Education & Coaching,Tuition/Skills
Sports Fees,Education & Coaching,Tuition/Skills
Annual Fees,Education & Coaching,Tuition/Skills
Admission Fees,Education & Coaching,Tuition/Skills
Miscellaneous Fees,Education & Coaching,Tuition/Skills
Hospital Bill,Healthcare & Pharmacy,Diagnostics
Medical Bill,Shopping,Market/Mall
Doctor Consultation,Shopping,Market/Mall
Lab Test Bill,Healthcare & Pharmacy,Diagnostics
Medicine Bill,Shopping,Market/Mall
Diagnostic Bill,Healthcare & Pharmacy,Diagnostics
Pharmacy Bill,Healthcare & Pharmacy,Diagnostics
Dental Bill,Shopping,Market/Mall
Health Checkup,Shopping,Market/Mall
Surgery Bill,Shopping,Market/Mall
Emergency Bill,Shopping,Market/Mall
Nursing Charges,Shopping,Market/Mall
Opd Charges,Shopping,Market/Mall
Ipd Charges,Shopping,Market/Mall
Netflix Bill,Digital Subscriptions,Software/Cloud
Amazon Prime,Digital Subscriptions,Software/Cloud
Disney Hotstar,Digital Subscriptions,Software/Cloud
Spotify Premium,Digital Subscriptions,Software/Cloud
Youtube Premium,Digital Subscriptions,Software/Cloud
Zee5 Subscription,Digital Subscriptions,Software/Cloud
Sonyliv,Digital Subscriptions,Software/Cloud
Voot Premium,Digital Subscriptions,Software/Cloud
Altbalaji,Digital Subscriptions,Software/Cloud
Mx Player Pro,Digital Subscriptions,Software/Cloud
Eros Now,Digital Subscriptions,Software/Cloud
Hungama Play,Digital Subscriptions,Software/Cloud
Jiocinema,Digital Subscriptions,OTT/Music/Gaming
Magazine Subscription,Shopping,Market/Mall
Newspaper Subscription,Shopping,Market/Mall
Software Subscription,Digital Subscriptions,Software/Cloud
Cloud Storage,Digital Subscriptions,Software/Cloud
Vpn Service,Digital Subscriptions,Software/Cloud
Antivirus,Digital Subscriptions,Software/Cloud
Office 365,Digital Subscriptions,Software/Cloud
Adobe Creative,Digital Subscriptions,Software/Cloud
Membership Fees,Digital Subscriptions,Software/Cloud
Society Charges,Home & Services,Home Services
Housing Society,Home & Services,Home Services
Building Maintenance,Home & Services,Home Services
Common Area Maintenance,Home & Services,Home Services
Security Charges,Home & Services,Home Services
Parking Charges,Transport,Parking/FASTag
Club Membership,Home & Services,Home Services
Gym Membership,Home & Services,Home Services
Swimming Pool,Home & Services,Home Services
Generator Charges,Home & Services,Home Services
Lift Maintenance,Home & Services,Home Services
Garden Maintenance,Home & Services,Home Services
Housekeeping Charges,Home & Services,Home Services
Facility Management,Home & Services,Home Services
Bookmyshow,Digital Subscriptions,OTT/Music/Gaming
Pvr Cinemas,Digital Subscriptions,OTT/Music/Gaming
Inox,Digital Subscriptions,OTT/Music/Gaming
Cinepolis,Digital Subscriptions,OTT/Music/Gaming
Carnival Cinemas,Digital Subscriptions,OTT/Music/Gaming
Miraj Cinemas,Digital Subscriptions,OTT/Music/Gaming
Ags Cinemas,Digital Subscriptions,OTT/Music/Gaming
Rohini Cinemas,Digital Subscriptions,OTT/Music/Gaming
Prasads Multiplex,Digital Subscriptions,OTT/Music/Gaming
Mayajaal Multiplex,Digital Subscriptions,OTT/Music/Gaming
Moviemax,Digital Subscriptions,OTT/Music/Gaming
Fun Cinemas,Digital Subscriptions,OTT/Music/Gaming
Wave Cinemas,Digital Subscriptions,OTT/Music/Gaming
Delite Cinemas,Digital Subscriptions,OTT/Music/Gaming
Big Cinemas,Digital Subscriptions,OTT/Music/Gaming
Cinemax,Digital Subscriptions,OTT/Music/Gaming
Fame Cinemas,Digital Subscriptions,OTT/Music/Gaming
Spice Cinemas,Digital Subscriptions,OTT/Music/Gaming
Movietime,Digital Subscriptions,OTT/Music/Gaming
Amazon Prime Video,Digital Subscriptions,OTT/Music/Gaming
Aha,Digital Subscriptions,OTT/Music/Gaming
Hoichoi,Digital Subscriptions,OTT/Music/Gaming
Apple Tv Plus,Digital Subscriptions,OTT/Music/Gaming
Discovery Plus,Digital Subscriptions,OTT/Music/Gaming
Lionsgate Play,Digital Subscriptions,OTT/Music/Gaming
Mubi India,Digital Subscriptions,OTT/Music/Gaming
Shemaroome,Digital Subscriptions,OTT/Music/Gaming
Epic On,Digital Subscriptions,OTT/Music/Gaming
Docubay,Shopping,Market/Mall
Dream11,Digital Subscriptions,OTT/Music/Gaming
Mpl,Digital Subscriptions,OTT/Music/Gaming
Rummy Circle,Digital Subscriptions,OTT/Music/Gaming
Teen Patti Gold,Digital Subscriptions,OTT/Music/Gaming
Pubg Mobile,Digital Subscriptions,OTT/Music/Gaming
Garena Free Fire,Digital Subscriptions,OTT/Music/Gaming
Paytm First Games,Digital Subscriptions,OTT/Music/Gaming
Winzo,Digital Subscriptions,OTT/Music/Gaming
Getmega,Digital Subscriptions,OTT/Music/Gaming
Adda52,Digital Subscriptions,OTT/Music/Gaming
Pokerstars India,Digital Subscriptions,OTT/Music/Gaming
Spartan Poker,Digital Subscriptions,OTT/Music/Gaming
Ace2three,Digital Subscriptions,OTT/Music/Gaming
Junglee Rummy,Digital Subscriptions,OTT/Music/Gaming
Steam India,Digital Subscriptions,OTT/Music/Gaming
Epic Games,Digital Subscriptions,OTT/Music/Gaming
Playstation Store,Digital Subscriptions,OTT/Music/Gaming
Xbox Live,Digital Subscriptions,OTT/Music/Gaming
Google Play Games,Digital Subscriptions,OTT/Music/Gaming
Apple Arcade,Digital Subscriptions,OTT/Music/Gaming
Jiosaavn,Digital Subscriptions,OTT/Music/Gaming
Gaana,Digital Subscriptions,OTT/Music/Gaming
Wynk Music,Digital Subscriptions,OTT/Music/Gaming
Hungama Music,Digital Subscriptions,OTT/Music/Gaming
Youtube Music,Digital Subscriptions,OTT/Music/Gaming
Apple Music,Digital Subscriptions,OTT/Music/Gaming
Amazon Music,Digital Subscriptions,OTT/Music/Gaming
Resso,Digital Subscriptions,OTT/Music/Gaming
Shazam,Digital Subscriptions,OTT/Music/Gaming
Paytm Insider,Digital Subscriptions,OTT/Music/Gaming
Zomato Live,Digital Subscriptions,OTT/Music/Gaming
Insider.in,Digital Subscriptions,OTT/Music/Gaming
Townscript,Digital Subscriptions,OTT/Music/Gaming
Eventbrite India,Digital Subscriptions,OTT/Music/Gaming
Explara,Digital Subscriptions,OTT/Music/Gaming
Ticketgenie,Digital Subscriptions,OTT/Music/Gaming
Ticketplease,Digital Subscriptions,OTT/Music/Gaming
Meraevents,Digital Subscriptions,OTT/Music/Gaming
Eventshigh,Digital Subscriptions,OTT/Music/Gaming
Playo,Digital Subscriptions,OTT/Music/Gaming
Hudle,Digital Subscriptions,OTT/Music/Gaming
Sportvot,Digital Subscriptions,OTT/Music/Gaming
Gametheory,Digital Subscriptions,OTT/Music/Gaming
Sports Complex,Shopping,Market/Mall
Stadium Booking,Shopping,Market/Mall
Cricket Ground,Shopping,Market/Mall
Football Ground,Shopping,Market/Mall
Tennis Court,Shopping,Market/Mall
Badminton Court,Shopping,Market/Mall
Golf Course,Shopping,Market/Mall
Bowling Alley,Shopping,Market/Mall
Snooker Club,Shopping,Market/Mall
Smaaash,Digital Subscriptions,OTT/Music/Gaming
Timezone,Digital Subscriptions,OTT/Music/Gaming
Funcity,Digital Subscriptions,OTT/Music/Gaming
Kidzania,Digital Subscriptions,OTT/Music/Gaming
Essel World,Digital Subscriptions,OTT/Music/Gaming
Imagica,Digital Subscriptions,OTT/Music/Gaming
Wonderla,Digital Subscriptions,OTT/Music/Gaming
Water Kingdom,Digital Subscriptions,OTT/Music/Gaming
Splash Kingdom,Digital Subscriptions,OTT/Music/Gaming
Fun Republic,Digital Subscriptions,OTT/Music/Gaming
Gaming Zone,Digital Subscriptions,OTT/Music/Gaming
Arcade Games,Digital Subscriptions,OTT/Music/Gaming
Laser Tag,Digital Subscriptions,OTT/Music/Gaming
Vr Gaming,Digital Subscriptions,OTT/Music/Gaming
Escape Room,Digital Subscriptions,OTT/Music/Gaming
Go Karting,Digital Subscriptions,OTT/Music/Gaming
Paint Ball,Digital Subscriptions,OTT/Music/Gaming
Adventure Sports,Digital Subscriptions,OTT/Music/Gaming
Rock Climbing,Digital Subscriptions,OTT/Music/Gaming
Bungee Jumping,Digital Subscriptions,OTT/Music/Gaming
Times Of India,Digital Subscriptions,OTT/Music/Gaming
Hindu Digital,Digital Subscriptions,OTT/Music/Gaming
Economic Times,Digital Subscriptions,OTT/Music/Gaming
Mint Premium,Digital Subscriptions,OTT/Music/Gaming
Outlook India,Digital Subscriptions,OTT/Music/Gaming
India Today,Digital Subscriptions,OTT/Music/Gaming
Ndtv,Digital Subscriptions,OTT/Music/Gaming
Cnn News18,Digital Subscriptions,OTT/Music/Gaming
Zee News,Digital Subscriptions,OTT/Music/Gaming
Aaj Tak,Digital Subscriptions,OTT/Music/Gaming
Abp News,Digital Subscriptions,OTT/Music/Gaming
Republic Tv,Digital Subscriptions,OTT/Music/Gaming
Times Now,Digital Subscriptions,OTT/Music/Gaming
Concert Hall,Shopping,Market/Mall
Theatre Booking,Shopping,Market/Mall
Opera House,Shopping,Market/Mall
Auditorium,Shopping,Market/Mall
Cultural Center,Shopping,Market/Mall
Music Festival,Shopping,Market/Mall
Comedy Show,Shopping,Market/Mall
Stand Up Comedy,Shopping,Market/Mall
Magic Show,Shopping,Market/Mall
Dance Performance,Shopping,Market/Mall
Folk Dance,Shopping,Market/Mall
Classical Music,Shopping,Market/Mall
Rock Concert,Shopping,Market/Mall
Jazz Club,Shopping,Market/Mall
Blues Bar,Shopping,Market/Mall
Night Club,Shopping,Market/Mall
Disco,Shopping,Market/Mall
Pub,Shopping,Market/Mall
Bar,Shopping,Market/Mall
Lounge,Shopping,Market/Mall
Sports Bar,Shopping,Market/Mall
Karaoke,Shopping,Market/Mall
Dj Night,Shopping,Market/Mall
Dance Club,Shopping,Market/Mall
Party Hall,Shopping,Market/Mall
Museum Ticket,Travel & Hospitality,Tours/Activities
Art Gallery,Travel & Hospitality,Tours/Activities
Science Center,Travel & Hospitality,Tours/Activities
Planetarium,Travel & Hospitality,Tours/Activities
Zoo Ticket,Travel & Hospitality,Tours/Activities
Aquarium,Travel & Hospitality,Tours/Activities
Monument Entry,Travel & Hospitality,Tours/Activities
Palace Tour,Travel & Hospitality,Tours/Activities
Fort Entry,Travel & Hospitality,Tours/Activities
Archaeological Site,Shopping,Market/Mall
Cultural Tour,Travel & Hospitality,Tours/Activities
City Tour,Travel & Hospitality,Tours/Activities
Sightseeing,Travel & Hospitality,Tours/Activities
Fortis Healthcare,Healthcare & Pharmacy,Hospitals
Manipal Hospitals,Healthcare & Pharmacy,Hospitals
Narayana Health,Healthcare & Pharmacy,Hospitals
Medanta,Healthcare & Pharmacy,Hospitals
Aiims,Healthcare & Pharmacy,Hospitals
Cult.fit,Healthcare & Pharmacy,Fitness/Wellness
Gold's Gym,Healthcare & Pharmacy,Fitness/Wellness
Talwalkars,Healthcare & Pharmacy,Fitness/Wellness
Anytime Fitness,Shopping,Market/Mall
Fitness First,Shopping,Market/Mall
Dr Lal Pathlabs,Healthcare & Pharmacy,Diagnostics
Srl Diagnostics,Healthcare & Pharmacy,Diagnostics
Thyrocare,Healthcare & Pharmacy,Diagnostics
Metropolis,Healthcare & Pharmacy,Diagnostics
Makemytrip,Travel & Hospitality,OTA/Booking
Goibibo,Travel & Hospitality,OTA/Booking
Yatra,Travel & Hospitality,OTA/Booking
Cleartrip,Travel & Hospitality,OTA/Booking
Easemytrip,Travel & Hospitality,OTA/Booking
Ixigo,Travel & Hospitality,OTA/Booking
Booking.com,Travel & Hospitality,OTA/Booking
Oyo,Travel & Hospitality,Hotels/Resorts
Treebo,Travel & Hospitality,Hotels/Resorts
Fabhotels,Travel & Hospitality,Hotels/Resorts
Thomas Cook,Travel & Hospitality,OTA/Booking
Cox & Kings,Travel & Hospitality,OTA/Booking
Sotc,Travel & Hospitality,OTA/Booking
Kesari Tours,Travel & Hospitality,OTA/Booking
Byju's,Education & Coaching,EdTech
Unacademy,Education & Coaching,EdTech
Vedantu,Education & Coaching,EdTech
Whitehat Jr,Education & Coaching,EdTech
Toppr,Education & Coaching,EdTech
Coursera,Education & Coaching,EdTech
Udemy,Education & Coaching,EdTech
Khan Academy,Education & Coaching,EdTech
Allen Career Institute,Education & Coaching,Institutes/Schools
Aakash Institute,Education & Coaching,Institutes/Schools
Fiitjee,Education & Coaching,Institutes/Schools
Resonance,Education & Coaching,Institutes/Schools
Time,Education & Coaching,Institutes/Schools
Urban Company,Home & Services,Home Services
Housejoy,Home & Services,Home Services
Passport Seva,Travel & Hospitality,Tours/Activities
Digilocker,Bills & Utilities,Taxes/Fees
Umang App,Bills & Utilities,Taxes/Fees
E-district,Bills & Utilities,Taxes/Fees
Common Service Center,Bills & Utilities,Taxes/Fees
Jan Aushadhi,Shopping,Market/Mall
Esic,Bills & Utilities,Taxes/Fees
Epf,Government & NGOs,Central/State Services
Income Tax,Government & NGOs,Central/State Services
Legalkart,Shopping,Market/Mall
Lawrato,Shopping,Market/Mall
Vakilsearch,Shopping,Market/Mall
Cleartax,Shopping,Market/Mall
Taxspanner,Shopping,Market/Mall
Mytaxcafe,Food & Dining,Cafe/Dessert
Naukri.com,Shopping,Market/Mall
Monster India,Shopping,Market/Mall
Indeed India,Shopping,Market/Mall
Linkedin Premium,Shopping,Market/Mall
Housing.com,Shopping,Market/Mall
99acres,Shopping,Market/Mall
Magicbricks,Shopping,Market/Mall
Commonfloor,Shopping,Market/Mall
Proptiger,Shopping,Market/Mall
Square Yards,Shopping,Market/Mall
Nobroker,Travel & Hospitality,Hotels/Resorts
Nestaway,Travel & Hospitality,Hotels/Resorts
Zolo,Travel & Hospitality,Hotels/Resorts
Stanza Living,Travel & Hospitality,Hotels/Resorts
UPI Merchant,Finance & Insurance,Wallets/UPI
UPI Transfer,Finance & Insurance,Wallets/UPI
Office 365 Microsoft,Digital Subscriptions,Software/Cloud
Zoom Subscription,Digital Subscriptions,Software/Cloud
Electricity Bill,Bills & Utilities,Electricity
Power Bill,Bills & Utilities,Electricity
Current Bill,Shopping,Market/Mall
Gas Bill,Bills & Utilities,Gas
Gas Cylinder,Bills & Utilities,Gas
Internet Bill,Shopping,Market/Mall
Broadband Bill,Bills & Utilities,Broadband
Wifi Bill,Bills & Utilities,Broadband
Tv Recharge,Shopping,Market/Mall
Amritsari Kulcha,Food & Dining,Street Food
Pappu Chicken Corner,Food & Dining,Street Food
Sharma Tea Stall,Food & Dining,Street Food
Gupta Sweets,Food & Dining,Street Food
Delhi Chaat,Food & Dining,Street Food
Punjabi Dhaba,Food & Dining,Street Food
Khau Galli,Food & Dining,Street Food
Marathi Bhojan,Food & Dining,Street Food
Gujarati Thali House,Food & Dining,Street Food
Rajasthani Restaurant,Food & Dining,Street Food
Maharashtrian Thali,Food & Dining,Street Food
Mumbai Pav Bhaji,Food & Dining,Street Food
Pune Misal,Food & Dining,Street Food
Vadodara Sweets,Food & Dining,Street Food
Ahmedabad Farsan,Food & Dining,Street Food
Udupi Restaurant,Food & Dining,Street Food
Andhra Meals,Food & Dining,Street Food
Kerala Meals,Food & Dining,Street Food
Tamil Mess,Food & Dining,Street Food
Chettinad Restaurant,Food & Dining,Street Food
Hyderabadi Biryani,Food & Dining,Street Food
Mysore Pak Shop,Food & Dining,Street Food
Chennai Tiffin,Food & Dining,Street Food
Bangalore Cafe,Food & Dining,Street Food
Kochi Fish Curry,Food & Dining,Street Food
Bengali Fish Market,Food & Dining,Street Food
Kolkata Biryani,Food & Dining,Street Food
Rosogolla Shop,Food & Dining,Street Food
Mishti Doi,Food & Dining,Street Food
Jhalmuri Stall,Food & Dining,Street Food
Tea Garden,Food & Dining,Street Food
Assamese Restaurant,Food & Dining,Street Food
Oriya Thali,Food & Dining,Street Food
Manipuri Kitchen,Food & Dining,Street Food
North East Food,Food & Dining,Street Food
Local Kirana Store,Groceries & Kirana,Kirana/General
Neighborhood Store,Groceries & Kirana,Kirana/General
Corner Shop,Shopping,Market/Mall
General Store,Groceries & Kirana,Kirana/General
Provisional Store,Groceries & Kirana,Kirana/General
Departmental Store,Groceries & Kirana,Kirana/General
Grocery Shop,Groceries & Kirana,Kirana/General
Supermarket,Groceries & Kirana,Kirana/General
Mini Mart,Groceries & Kirana,Kirana/General
Convenience Store,Groceries & Kirana,Kirana/General
Mobile Repair Shop,Transport,Auto Services
Computer Store,Groceries & Kirana,Kirana/General
Mobile Accessories,Shopping,Market/Mall
Laptop Store,Groceries & Kirana,Kirana/General
Tv Showroom,Shopping,Market/Mall
Audio Store,Groceries & Kirana,Kirana/General
Camera Shop,Shopping,Market/Mall
Gaming Store,Groceries & Kirana,Kirana/General
Tailor Shop,Shopping,Market/Mall
Cloth Store,Groceries & Kirana,Kirana/General
Saree Shop,Shopping,Market/Mall
Kurti Store,Groceries & Kirana,Kirana/General
Men's Wear,Shopping,Market/Mall
Ladies Store,Groceries & Kirana,Kirana/General
Kids Store,Groceries & Kirana,Kirana/General
Shoe Store,Groceries & Kirana,Kirana/General
Bag Store,Groceries & Kirana,Kirana/General
Accessory Store,Groceries & Kirana,Kirana/General
Barber Shop,Home & Services,Home Services
Beauty Parlour,Home & Services,Home Services
Hair Salon,Home & Services,Home Services
Spa Center,Home & Services,Home Services
Massage Center,Home & Services,Home Services
Nail Studio,Home & Services,Home Services
Facial Center,Home & Services,Home Services
Yoga Center,Shopping,Market/Mall
Dance Class,Shopping,Market/Mall
Petrol Bunk,Transport,Fuel
Auto Garage,Transport,Auto Services
Car Accessories,Shopping,Market/Mall
Bike Accessories,Shopping,Market/Mall
Computer Institute,Education & Coaching,Tuition/Skills
Language School,Education & Coaching,Tuition/Skills
Music Class,Education & Coaching,Tuition/Skills
Art Class,Education & Coaching,Tuition/Skills
Driving School,Education & Coaching,Tuition/Skills
Typing Institute,Education & Coaching,Tuition/Skills
Skill Development,Education & Coaching,Tuition/Skills
Vocational Training,Education & Coaching,Tuition/Skills
Eye Clinic,Healthcare & Pharmacy,Diagnostics
Physiotherapy,Healthcare & Pharmacy,Diagnostics
Pathology Lab,Healthcare & Pharmacy,Diagnostics
X-ray Center,Healthcare & Pharmacy,Diagnostics
Blood Bank,Healthcare & Pharmacy,Diagnostics
Home Care,Healthcare & Pharmacy,Diagnostics
Elder Care,Healthcare & Pharmacy,Diagnostics
Local Bank,Finance & Insurance,Banks
Cooperative Bank,Finance & Insurance,Banks
Money Changer,Finance & Insurance,Banks
Gold Loan,Finance & Insurance,Lending
Chit Fund,Finance & Insurance,Lending
Finance Company,Finance & Insurance,Lending
Insurance Agent,Finance & Insurance,Lending
Mutual Fund Advisor,Finance & Insurance,Lending
Ca Office,Finance & Insurance,Lending
Gaming Parlour,Home & Services,Home Services
Sports Club,Shopping,Market/Mall
Book Store,Groceries & Kirana,Kirana/General
Video Store,Groceries & Kirana,Kirana/General
Community Hall,Shopping,Market/Mall
Domino's,Food & Dining,QSR
Katti Roll Company,Shopping,Market/Mall
Sukh Sagar,Food & Dining,Casual Dining
Anand Sweets,Groceries & Kirana,Sweets & Mithai
Kailash Parbat,Food & Dining,Casual Dining
Paradise Biryani,Food & Dining,Casual Dining
Cafe Coffee Day,Food & Dining,Cafe/Dessert
Dunkin' Donuts,Food & Dining,Cafe/Dessert
Krispy Kreme,Food & Dining,Cafe/Dessert
Naturals Ice Cream,Food & Dining,Cafe/Dessert
Kwality Wall's,Shopping,Market/Mall
Amul Parlour,Groceries & Kirana,Dairy/Bakery
Giani's,Food & Dining,Cafe/Dessert
Frozen Bottle,Food & Dining,Cafe/Dessert
Eatsure,Food & Dining,Delivery Platform
Freshmenu,Food & Dining,Delivery Platform
Olive Bar & Kitchen,Shopping,Market/Mall
Mamagoto,Shopping,Market/Mall
Khan Chacha,Shopping,Market/Mall
Farzi Cafe,Food & Dining,Cafe/Dessert
Punjab Grill,Shopping,Market/Mall
Pind Balluchi,Shopping,Market/Mall
Truffles,Shopping,Market/Mall
Empire Restaurant,Shopping,Market/Mall
Karim's,Shopping,Market/Mall
Udupi Sagar,Shopping,Market/Mall
Annapoorna Veg,Shopping,Market/Mall
Sri Krishna Sagar,Shopping,Market/Mall
Thalassery Biryani,Shopping,Market/Mall
Andhra Spice Kitchen,Shopping,Market/Mall
Chettinad Mess,Shopping,Market/Mall
Punjabi Zaika,Shopping,Market/Mall
Kolkata Kathi Rolls,Shopping,Market/Mall
Kakatiya Mess,Shopping,Market/Mall
Amritsari Kulcha House,Food & Dining,Street Food
Madurai Idli Kadai,Shopping,Market/Mall
Sree Saravanaas,Shopping,Market/Mall
Abhibus,Transport,Public Transport
Delhi Metro Rail,Transport,Public Transport
Bengaluru Metro,Transport,Public Transport
Akasa Air,Transport,Airlines
Xpressbees,Transport,Logistics/Courier
Bewakoof,Shopping,Market/Mall
Faballey,Shopping,Market/Mall
Sangeetha Mobiles,Shopping,Market/Mall
Apple Store,Shopping,Electronics
Mi Home,Shopping,Electronics
Samsung Smart Cafe,Shopping,Electronics
Oneplus Experience Store,Shopping,Electronics
H&m,Shopping,Fashion & Lifestyle
Zara,Shopping,Fashion & Lifestyle
Allen Solly,Shopping,Fashion & Lifestyle
Levi's,Shopping,Fashion & Lifestyle
Peter England,Shopping,Fashion & Lifestyle
W For Women,Shopping,Fashion & Lifestyle
Van Heusen,Shopping,Fashion & Lifestyle
Louis Philippe,Shopping,Fashion & Lifestyle
Raymond,Shopping,Fashion & Lifestyle
Manyavar,Shopping,Fashion & Lifestyle
Soch,Shopping,Fashion & Lifestyle
Mia By Tanishq,Shopping,Jewellery
Cultural Concepts,Shopping,Market/Mall
"Toys ""r"" Us",Shopping,Market/Mall
D-mart,Groceries & Kirana,Kirana/General
Spencer's,Shopping,Market/Mall
Mobile Premier League,Shopping,Market/Mall
Nazara,Shopping,Market/Mall
Steam Wallet,Shopping,Market/Mall
Sony Playstation Network,Shopping,Market/Mall
Disney+ Hotstar,Shopping,Market/Mall
Sun Nxt,Digital Subscriptions,OTT/Music/Gaming
Apple Tv+,Digital Subscriptions,OTT/Music/Gaming
Airtel Xstream,Bills & Utilities,Broadband
Bses Rajdhani,Bills & Utilities,Electricity
Bses Yamuna,Bills & Utilities,Electricity
Cesc Kolkata,Bills & Utilities,Electricity
Tsspdcl,Bills & Utilities,Electricity
Apepdcl,Bills & Utilities,Electricity
Adani Gas,Bills & Utilities,Gas
Gail Gas,Bills & Utilities,Gas
Dmart Ready,Groceries & Kirana,Supermarket
Instamart,Shopping,Market/Mall
Shree Ganesh Kirana,Groceries & Kirana,Kirana/General
Maa Lakshmi Stores,Shopping,Market/Mall
New Popular Stores,Shopping,Market/Mall
Daily Needs Mart,Groceries & Kirana,Kirana/General
Greenleaf Provisions,Shopping,Market/Mall
Fresh & Fine Kirana,Groceries & Kirana,Kirana/General
Family Choice Stores,Shopping,Market/Mall
Annapurna Mart,Groceries & Kirana,Kirana/General
Sai Super Mart,Groceries & Kirana,Kirana/General
City Corner Stores,Shopping,Market/Mall
Rajendran Kirana,Groceries & Kirana,Kirana/General
Balaji General Store,Groceries & Kirana,Kirana/General
Om Sai Provisions,Shopping,Market/Mall
Kaveri Departmental,Groceries & Kirana,Kirana/General
Thirumala Stores,Shopping,Market/Mall
Sri Krishna Kirana,Groceries & Kirana,Kirana/General
Elite Mart,Groceries & Kirana,Kirana/General
Metro General Stores,Transport,Public Transport
Happy Family Stores,Shopping,Market/Mall
Annai Pazhamudir Nilayam,Shopping,Market/Mall
Tata 1mg,Healthcare & Pharmacy,Pharmacy
Apollo Hospitals,Healthcare & Pharmacy,Hospitals
Max Healthcare,Healthcare & Pharmacy,Hospitals
Aster,Healthcare & Pharmacy,Hospitals
Jiofiber,Bills & Utilities,Broadband
Airtel Xstream Fiber,Bills & Utilities,Broadband
Spectra,Bills & Utilities,Broadband
Excitel,Bills & Utilities,Broadband
Pw (physics Wallah),Education & Coaching,EdTech
Duolingo,Education & Coaching,EdTech
Upgrad,Education & Coaching,EdTech
Simplilearn,Education & Coaching,EdTech
Bajaj Finserv,Shopping,Market/Mall
Uni Card,Shopping,Market/Mall
Taj Hotels,Travel & Hospitality,Hotels/Resorts
Itc Hotels,Travel & Hospitality,Hotels/Resorts
The Leela,Travel & Hospitality,Hotels/Resorts
The Oberoi,Travel & Hospitality,Hotels/Resorts
Thrillophilia,Travel & Hospitality,OTA/Booking
Klook,Travel & Hospitality,OTA/Booking
Club Mahindra,Travel & Hospitality,Hotels/Resorts
Mumbai Indian Oil Pump,Transport,Fuel
Mumbai HPCL Fuel Station,Transport,Fuel
Mumbai BPCL Fuel Station,Transport,Fuel
Mumbai Nayara Petrol Pump,Transport,Fuel
Delhi Indian Oil Pump,Transport,Fuel
Delhi HPCL Fuel Station,Transport,Fuel
Delhi BPCL Fuel Station,Transport,Fuel
Delhi Nayara Petrol Pump,Transport,Fuel
Bengaluru Indian Oil Pump,Transport,Fuel
Bengaluru HPCL Fuel Station,Transport,Fuel
Bengaluru BPCL Fuel Station,Transport,Fuel
Bengaluru Nayara Petrol Pump,Transport,Fuel
Hyderabad Indian Oil Pump,Transport,Fuel
Hyderabad HPCL Fuel Station,Transport,Fuel
Hyderabad BPCL Fuel Station,Transport,Fuel
Hyderabad Nayara Petrol Pump,Transport,Fuel
Chennai Indian Oil Pump,Transport,Fuel
Chennai HPCL Fuel Station,Transport,Fuel
Chennai BPCL Fuel Station,Transport,Fuel
Chennai Nayara Petrol Pump,Transport,Fuel
Kolkata Indian Oil Pump,Transport,Fuel
Kolkata HPCL Fuel Station,Transport,Fuel
Kolkata BPCL Fuel Station,Transport,Fuel
Kolkata Nayara Petrol Pump,Transport,Fuel
Pune Indian Oil Pump,Transport,Fuel
Pune HPCL Fuel Station,Transport,Fuel
Pune BPCL Fuel Station,Transport,Fuel
Pune Nayara Petrol Pump,Transport,Fuel
Ahmedabad Indian Oil Pump,Transport,Fuel
Ahmedabad HPCL Fuel Station,Transport,Fuel
Ahmedabad BPCL Fuel Station,Transport,Fuel
Ahmedabad Nayara Petrol Pump,Transport,Fuel
Jaipur Indian Oil Pump,Transport,Fuel
Jaipur HPCL Fuel Station,Transport,Fuel
Jaipur BPCL Fuel Station,Transport,Fuel
Jaipur Nayara Petrol Pump,Transport,Fuel
Surat Indian Oil Pump,Transport,Fuel
Surat HPCL Fuel Station,Transport,Fuel
Surat BPCL Fuel Station,Transport,Fuel
Surat Nayara Petrol Pump,Transport,Fuel
Coimbatore Indian Oil Pump,Transport,Fuel
Coimbatore HPCL Fuel Station,Transport,Fuel
Coimbatore BPCL Fuel Station,Transport,Fuel
Coimbatore Nayara Petrol Pump,Transport,Fuel
Kochi Indian Oil Pump,Transport,Fuel
Kochi HPCL Fuel Station,Transport,Fuel
Kochi BPCL Fuel Station,Transport,Fuel
Kochi Nayara Petrol Pump,Transport,Fuel
Visakhapatnam Indian Oil Pump,Transport,Fuel
Visakhapatnam HPCL Fuel Station,Transport,Fuel
Visakhapatnam BPCL Fuel Station,Transport,Fuel
Visakhapatnam Nayara Petrol Pump,Transport,Fuel
Nagpur Indian Oil Pump,Transport,Fuel
Nagpur HPCL Fuel Station,Transport,Fuel
Nagpur BPCL Fuel Station,Transport,Fuel
Nagpur Nayara Petrol Pump,Transport,Fuel
Indore Indian Oil Pump,Transport,Fuel
Indore HPCL Fuel Station,Transport,Fuel
Indore BPCL Fuel Station,Transport,Fuel
Indore Nayara Petrol Pump,Transport,Fuel
Lucknow Indian Oil Pump,Transport,Fuel
Lucknow HPCL Fuel Station,Transport,Fuel
Lucknow BPCL Fuel Station,Transport,Fuel
Lucknow Nayara Petrol Pump,Transport,Fuel
Patna Indian Oil Pump,Transport,Fuel
Patna HPCL Fuel Station,Transport,Fuel
Patna BPCL Fuel Station,Transport,Fuel
Patna Nayara Petrol Pump,Transport,Fuel
Bhopal Indian Oil Pump,Transport,Fuel
Bhopal HPCL Fuel Station,Transport,Fuel
Bhopal BPCL Fuel Station,Transport,Fuel
Bhopal Nayara Petrol Pump,Transport,Fuel
Vadodara Indian Oil Pump,Transport,Fuel
Vadodara HPCL Fuel Station,Transport,Fuel
Vadodara BPCL Fuel Station,Transport,Fuel
Vadodara Nayara Petrol Pump,Transport,Fuel
Thane Indian Oil Pump,Transport,Fuel
Thane HPCL Fuel Station,Transport,Fuel
Thane BPCL Fuel Station,Transport,Fuel
Thane Nayara Petrol Pump,Transport,Fuel
Nashik Indian Oil Pump,Transport,Fuel
Nashik HPCL Fuel Station,Transport,Fuel
Nashik BPCL Fuel Station,Transport,Fuel
Nashik Nayara Petrol Pump,Transport,Fuel
Madurai Indian Oil Pump,Transport,Fuel
Madurai HPCL Fuel Station,Transport,Fuel
Madurai BPCL Fuel Station,Transport,Fuel
Madurai Nayara Petrol Pump,Transport,Fuel
Tiruchirappalli Indian Oil Pump,Transport,Fuel
Tiruchirappalli HPCL Fuel Station,Transport,Fuel
Tiruchirappalli BPCL Fuel Station,Transport,Fuel
Tiruchirappalli Nayara Petrol Pump,Transport,Fuel
Mysuru Indian Oil Pump,Transport,Fuel
Mysuru HPCL Fuel Station,Transport,Fuel
Mysuru BPCL Fuel Station,Transport,Fuel
Mysuru Nayara Petrol Pump,Transport,Fuel
Vijayawada Indian Oil Pump,Transport,Fuel
Vijayawada HPCL Fuel Station,Transport,Fuel
Vijayawada BPCL Fuel Station,Transport,Fuel
Vijayawada Nayara Petrol Pump,Transport,Fuel
Noida Indian Oil Pump,Transport,Fuel
Noida HPCL Fuel Station,Transport,Fuel
Noida BPCL Fuel Station,Transport,Fuel
Noida Nayara Petrol Pump,Transport,Fuel
Gurugram Indian Oil Pump,Transport,Fuel
Gurugram HPCL Fuel Station,Transport,Fuel
Gurugram BPCL Fuel Station,Transport,Fuel
Gurugram Nayara Petrol Pump,Transport,Fuel
Tata Power Ez Charge,Bills & Utilities,Electricity
Ather Grid,Shopping,Market/Mall
Statiq,Shopping,Market/Mall
Chargezone,Shopping,Market/Mall
Mytvs,Transport,Auto Services
Pitstop,Transport,Auto Services
Justdial,Transport,Auto Services
Wefast,Shopping,Market/Mall
Sleepwell,Transport,Auto Services
Microsoft 365,Digital Subscriptions,Software/Cloud
Google One,Digital Subscriptions,Software/Cloud
Adobe Creative Cloud,Digital Subscriptions,Software/Cloud
Canva,Digital Subscriptions,Software/Cloud
Notion,Digital Subscriptions,Software/Cloud
Aws,Digital Subscriptions,Software/Cloud
Azure,Digital Subscriptions,Software/Cloud
Gcp,Digital Subscriptions,Software/Cloud
Digitalocean,Digital Subscriptions,Software/Cloud
Github,Digital Subscriptions,Software/Cloud
Gitlab,Digital Subscriptions,Software/Cloud
Income Tax Dept,Government & NGOs,Central/State Services
Gst Portal,Government & NGOs,Central/State Services
Epfo,Government & NGOs,Central/State Services
NPCI,Government & NGOs,Central/State Services
Uidai Aadhaar,Government & NGOs,Central/State Services
Irdai,Government & NGOs,Central/State Services
Tamil Nadu Rto,Government & NGOs,Central/State Services
Karnataka Rto,Government & NGOs,Central/State Services
Maharashtra State Tax,Government & NGOs,Central/State Services
Bbmp,Government & NGOs,Central/State Services
Bmc Mumbai,Government & NGOs,Central/State Services
Ghmc Hyderabad,Government & NGOs,Central/State Services
Chennai Corporation,Government & NGOs,Central/State Services
Tirupati Devasthanams,Government & NGOs,NGO/Temple
Iskcon,Government & NGOs,NGO/Temple
Shirdi Sai Baba Sansthan,Government & NGOs,NGO/Temple
Kashi Vishwanath Trust,Government & NGOs,NGO/Temple
Somnath Trust,Government & NGOs,NGO/Temple
Jagannath Temple Puri,Government & NGOs,NGO/Temple
Akshaya Patra,Government & NGOs,NGO/Temple
Cry,Government & NGOs,NGO/Temple
Goonj,Government & NGOs,NGO/Temple
Giveindia,Government & NGOs,NGO/Temple
Smile Foundation,Government & NGOs,NGO/Temple
Upwork,Shopping,Market/Mall
Freelancer.com,Shopping,Market/Mall
Fiverr,Shopping,Market/Mall
Toptal,Shopping,Market/Mall
Deloitte,Shopping,Market/Mall
Pwc India,Shopping,Market/Mall
Ey India,Shopping,Market/Mall
Kpmg India,Shopping,Market/Mall
Grant Thornton,Shopping,Market/Mall
Cbse Board,Shopping,Market/Mall
Icse Board,Shopping,Market/Mall
Delhi Public School,Education & Coaching,Institutes/Schools
Dav Public School,Education & Coaching,Institutes/Schools
Kendriya Vidyalaya,Education & Coaching,Institutes/Schools
Ryan International School,Education & Coaching,Institutes/Schools
Delhi University,Education & Coaching,Institutes/Schools
Anna University,Education & Coaching,Institutes/Schools
Mumbai University,Education & Coaching,Institutes/Schools
Iit Madras,Education & Coaching,Institutes/Schools
Iit Delhi,Education & Coaching,Institutes/Schools
Iim Ahmedabad,Education & Coaching,Institutes/Schools
Nit Trichy,Education & Coaching,Institutes/Schools
Edx,Education & Coaching,EdTech
Skillshare,Education & Coaching,EdTech
Snap Fitness,Shopping,Market/Mall
Naturals Salon,Food & Dining,Cafe/Dessert
Lakme Salon,Home & Services,Home Services
Jawed Habib,Shopping,Market/Mall
Vlcc,Shopping,Market/Mall
Toni & Guy,Shopping,Market/Mall
Bmtc Bengaluru,Transport,Public Transport
Dtc Delhi,Government & NGOs,Central/State Services
Ksrtc Karnataka,Government & NGOs,Central/State Services
Delhi Metro Card,Transport,Public Transport
Bengaluru Metro Card,Transport,Rail
Chennai Metro Card,Transport,Public Transport
Kolkata Metro Card,Transport,Public Transport
Apple India,Shopping,Market/Mall
Google Play,Shopping,Market/Mall
Microsoft India,Shopping,Market/Mall
Adobe India,Shopping,Market/Mall
Ikea India,Shopping,Home & Furniture
Decathlon Intl Payment,Shopping,Sports/Toys
Aliexpress,Shopping,Market/Mall
Shein,Shopping,Market/Mall
Green Trends,Shopping,Market/Mall
Ganesh Maths Tuition,Education & Coaching,Tuition/Skills
Brilliant Tutorials,Education & Coaching,Tuition/Skills
A1 Coaching,Education & Coaching,Tuition/Skills
Elite Academy,Education & Coaching,Tuition/Skills
Vision Academy,Education & Coaching,Tuition/Skills
Kirana Stores,Groceries & Kirana,Kirana/General
Fruit Stall,Shopping,Market/Mall
Meat Shop,Shopping,Market/Mall
Bakery,Groceries & Kirana,Dairy/Bakery
Sweet Shop,Groceries & Kirana,Sweets & Mithai
Electronics Store,Groceries & Kirana,Kirana/General
Google Workspace,Digital Subscriptions,Software/Cloud
Slack,Digital Subscriptions,Software/Cloud
Dropbox,Digital Subscriptions,Software/Cloud
Annapoorna,Shopping,Market/Mall
Andhra Spice,Shopping,Market/Mall
Punjabi Tandoor,Shopping,Market/Mall
Bengali Zaika,Shopping,Market/Mall
Kerala Mess,Shopping,Market/Mall
Rajasthani Bhojanalay,Shopping,Market/Mall
Kolkata Rolls,Shopping,Market/Mall
Lucknowi Kebabs,Shopping,Market/Mall
